{"val_loss": [0.8391128182411194, 0.45710163315137226, 0.24768797556559244, 0.47762300570805866, 0.2915858328342438, 0.26867516835530597, 0.05140292147795359, 0.6909833947817484, 0.061070347825686135, 0.07125768313805263, 0.10097822546958923, 0.10219311714172363, 0.02494618420799573, 0.01954704833527406, 0.045988764613866806, 0.06593206524848938, 0.10638578236103058, 0.06359238674243291, 0.05098601058125496, 0.05501123145222664, 0.029081163927912712, 0.02864478901028633, 0.010155733985205492, 0.013810573145747185, 0.025156975413362186, 0.05854710564017296, 0.12556992967923483, 0.02845917083323002, 0.05862113957603773, 0.015996497124433517, 0.05241711934407552, 0.010641241756578287, 0.051554923256238304, 0.01457185142983993, 0.05172538384795189, 0.029107974842190742, 0.045844739923874535, 0.005349780122439067, 0.032879602164030075, 0.004719439893960953, 0.038615008195241295, 0.03820176298419634, 0.04093951111038526, 0.027154211575786274, 0.04669036467870077, 0.009186501304308573, 0.0229899479697148, 0.012285832626124224, 0.04152437299489975, 0.003563821936647097, 0.04195930187900861, 0.0066197362417976064, 0.03990700716773669, 0.03153143574794134, 0.03939208760857582, 0.012519169909258684, 0.04154867927233378, 0.017229157810409863, 0.04468804970383644, 0.03485386073589325, 0.034753844141960144, 0.004431648490329583, 0.03917445490757624, 0.005212872599562009, 0.039797402918338776, 0.007162032648921013, 0.04377799481153488, 0.03999736408392588, 0.0287781519194444, 0.003864988684654236, 0.044522758573293686, 0.025492583711942036, 0.0405429924527804, 0.024523249516884487, 0.041063226759433746, 0.006140471746524175, 0.021209442988038063, 0.011918442944685618, 0.03842295706272125, 0.011958109525342783, 0.04040727640191714, 0.00790907038996617, 0.014082481153309345, 0.01897933582464854, 0.0361159381767114, 0.00777945201843977, 0.04177360609173775, 0.009992449854811033, 0.03913474455475807, 0.009355591610074043, 0.03420698891083399, 0.005479003923634688, 0.021119334424535435, 0.009404551237821579, 0.03824081520239512, 0.005902347465356191, 0.030525592466195423, 0.005723489448428154, 0.036215588450431824, 0.005667433763543765], "loss": [172.56294101935165, 0.26524680996170413, 0.2132389433681965, 0.276054916330255, 0.2609640875687966, 0.22239183763471934, 0.21502782862920028, 0.19819608731911734, 0.20002600837212342, 0.0800657465051, 0.06284928959436141, 0.060194241312833935, 0.049456702975126415, 0.06146109849214554, 0.06811154268395442, 0.03805404593451665, 0.04271496982815174, 0.03796701283695606, 0.03692163620144129, 0.036600646491234116, 0.03500730336572115, 0.03248989001776163, 0.036316017262064494, 0.030955918634740207, 0.03516751126601146, 0.03132302041810293, 0.241326477450247, 0.04741837743383188, 0.0312687001692561, 0.033723294806595035, 0.03017751442698332, 0.032134707587269634, 0.029139598115132406, 0.03188708947541622, 0.028175281504025824, 0.03007657704158471, 0.028662156027096968, 0.029806404231259458, 0.027901735371695116, 0.029641064528662425, 0.02644302323460579, 0.027025958236593466, 0.028483763623696107, 0.026370388384048756, 0.026326227216766432, 0.02703279135032342, 0.025472952554432247, 0.026784558565570757, 0.02426736056804657, 0.026707755831571724, 0.024321265160464324, 0.024311932305303905, 0.02443185090445555, 0.024969545336296924, 0.025917656862964995, 0.02591507724271371, 0.023818156825235255, 0.02517431164876773, 0.02408206262267553, 0.024053218559576914, 0.02633878645988611, 0.02514012508953993, 0.02290930491513931, 0.02558057003009778, 0.02300209874430528, 0.02553412074653002, 0.02305598220286461, 0.02375460810099657, 0.026120015420019627, 0.024753389593500357, 0.022936271503567696, 0.024899924102310952, 0.02407207913123644, 0.02415023070688431, 0.02418328055108969, 0.02508825880403702, 0.02321014768229081, 0.024241315200924873, 0.022946524290511243, 0.02443109553020734, 0.02263706077176791, 0.024214124235396203, 0.022808204476649944, 0.0244586171868902, 0.023018974524277907, 0.024342890542287093, 0.022198664884154614, 0.024156676390423223, 0.021914842037054207, 0.024099786980794027, 0.022007588082208082, 0.023746587765904572, 0.022430425581450645, 0.023388489221151058, 0.021381112317053173, 0.023895777188814603, 0.021844112027723055, 0.022940255558261506, 0.020852794011051837, 0.023398920607108336]}
